"First Name","Last Name"
"Chelsea","Brown"
"Frederick","Walker"
"Clark","Cole"
"Dominik","Murray"
"Aston","Harper"
"Ted","Jones"
"Charlotte","Chapman"
"Dominik","Rogers"
"Tyler","Harrison"
"Kellan","Holmes"
"Richard","Gray"
"Spike","Perry"
"Kelvin","Evans"
"Evelyn","Kelly"
"Charlotte","Spencer"
"David","Andrews"
"Julian","Carter"
"Emma","Carter"
"Ned","Holmes"
"Spike","Cameron"
"Alfred","Ferguson"
"Alberta","Douglas"
"Jasmine","Andrews"
"Grace","Robinson"
"Haris","Barnes"
"Aldus","Nelson"
"Elian","Bailey"
"Annabella","Carroll"
"James","Crawford"
"Kirsten","Montgomery"
"Ellia","Watson"
"Hailey","Payne"
"Maya","Mason"
"Julia","Gibson"
"Blake","Wright"
"Bruce","Payne"
"Clark","Cameron"
"Blake","Stewart"
"Andrew","Gray"
"Natalie","Bennett"
"Lilianna","Morris"
"Roman","Mason"
"Maddie","Perry"
"Arnold","Tucker"
"Adison","Higgins"
"Cherry","Martin"
"Lenny","Chapman"
"Adrian","Watson"
"Eleanor","Ellis"
"Alen","Taylor"
"Alfred","Moore"
"Victor","Hawkins"
"Amy","Cameron"
"Chelsea","Rogers"
"Dainton","Nelson"
"Martin","Warren"
"Kristian","Brown"
"Edith","Campbell"
"Daryl","Fowler"
"Cherry","Holmes"
"Marcus","Davis"
"Edwin","Holmes"
"Albert","Crawford"
"Lucy","Cooper"
"Vivian","Grant"
"Charlie","Hawkins"
"Connie","Riley"
"Victor","Clark"
"Chloe","Chapman"
"Audrey","Sullivan"
"Jasmine","Stevens"
"Dexter","Owens"
"Amanda","Morrison"
"Honey","Martin"
"Tony","Clark"
"Sarah","Sullivan"
"George","Warren"
"Owen","Grant"
"Arianna","Tucker"
"Alberta","Richardson"
"Samantha","Ferguson"
"Luke","Chapman"
"Dale","Montgomery"
"Tara","Brown"
"Kate","Armstrong"
"John","Thomas"
"Briony","Ferguson"
"Camila","Miller"
"Arianna","Howard"
"Stuart","Hamilton"
"Sofia","Ellis"
"Deanna","Clark"
"Vincent","Robinson"
"Annabella","Harrison"
"Miley","West"
"Clark","Cooper"
"Amelia","Chapman"
"Savana","Russell"
"Cadie","Tucker"
"Jasmine","Chapman"
"Adelaide","Kelley"
"Alina","Ryan"
"Eddy","Watson"
"Tess","Mitchell"
"Amanda","Craig"
"Amber","Stevens"
"James","Scott"
"James","Farrell"
"Tess","Ferguson"
"Tony","Baker"
"Andrew","Harris"
"Tiana","Watson"
"Aiden","Adams"
"Jacob","Carroll"
"Michelle","Anderson"
"Chelsea","Cameron"
"Jenna","Turner"
"Justin","Hunt"
"Kelsey","Richards"
"Sabrina","Richards"
"Brianna","Fowler"
"Miranda","Allen"
"Kristian","Douglas"
"Miller","Stevens"
"Alexander","Roberts"
"Alford","Harper"
"Spike","Payne"
"Sarah","Morrison"
"Marcus","Mitchell"
"Brooke","Elliott"
"Jenna","Russell"
"Fiona","Elliott"
"Maria","Johnston"
"Chloe","Murray"
"Edwin","Harris"
"Adelaide","Riley"
"Roland","Turner"
"Lyndon","Douglas"
"Eleanor","Carter"
"Byron","Myers"
"Walter","Holmes"
"Grace","Armstrong"
"Evelyn","Riley"
"Vanessa","Russell"
"Nicole","Jones"
"Chelsea","Hill"
"Kevin","Mason"
"Carina","Ferguson"
"Amelia","Edwards"
"Ashton","Spencer"
"Jordan","Hill"
"Honey","Barnes"
"Chloe","Payne"
"Deanna","Allen"
"Camila","Cameron"
"Leonardo","Mason"
"Adam","Armstrong"
"Dainton","Thompson"
"Brooke","Wright"
"James","Harper"
"Charlie","Douglas"
"Reid","Hunt"
"Freddie","Campbell"
"Adison","Stevens"
"Blake","Rogers"
"Jordan","Murray"
"Savana","Turner"
"Garry","Elliott"
"Marcus","Casey"
"Edgar","Williams"
"Sofia","Harrison"
"Albert","Rogers"
"John","Tucker"
"Charlotte","Morgan"
"Abigail","Carroll"
"Melanie","Andrews"
"Chester","Elliott"
"Myra","Richards"
"Jenna","Montgomery"
"Arnold","Sullivan"
"John","Sullivan"
"Sawyer","Hamilton"
"Adrian","Bennett"
"Natalie","Ellis"
"Harold","Brown"
"Jasmine","Alexander"
"James","Alexander"
"Vivian","Ryan"
"Henry","Bailey"
"Nicole","Casey"
"Natalie","Nelson"
"Antony","Allen"
"Maria","Myers"
"Adele","Moore"
"Adrianna","Stewart"
"Elise","Martin"
"Isabella","Wilson"
"Jacob","Riley"
"Alan","Foster"
"Olivia","Reed"
"Max","Reed"
"Dainton","Gibson"
"Connie","Myers"
"Miley","Phillips"
"Kimberly","Tucker"
"Honey","Thompson"
"Abigail","Chapman"
"Nicole","Davis"
"Kirsten","Barnes"
"Cadie","Campbell"
"Jacob","Harris"
"Camila","Brown"
"Mary","Thomas"
"Penelope","Stevens"
"Paul","Armstrong"
"Carl","Harper"
"Jared","Murphy"
"Madaline","Hall"
"Aldus","Edwards"
"Brianna","Spencer"
"Rafael","Craig"
"Brianna","Higgins"
"Darcy","Kelly"
"Vivian","Turner"
"Violet","Johnson"
"Brianna","Smith"
"Jasmine","Phillips"
"David","Johnson"
"Dainton","Ross"
"David","Carter"
"Vivian","Adams"
"Belinda","Murphy"
"George","Cameron"
"Arnold","Carroll"
"Joyce","Taylor"
"Dainton","Kelley"
"Naomi","Carroll"
"Edgar","Henderson"
"Heather","Martin"
"Honey","Perry"
"Harold","Fowler"
"Isabella","Edwards"
"Alberta","Holmes"
"Jordan","Henderson"
"Lenny","Smith"
"Dominik","Brown"
"Amanda","Wilson"
"Kate","Thompson"
"Lucy","Foster"
"Jenna","Allen"
"Maya","Martin"
"Jacob","Brown"
"Ryan","Miller"
"Edward","Bailey"
"Lucy","Evans"
"Daniel","Smith"
"Ellia","Wright"
"Grace","Warren"
"Kelsey","Douglas"
"Aston","Ross"
"Aida","Scott"
"Lilianna","Evans"
"Daisy","Turner"
"Alexia","Gibson"
"Aston","Adams"
"Alissa","Henderson"
"Dainton","Grant"
"Chloe","Ellis"
"Victor","West"
"Maddie","Armstrong"
"Miley","Henderson"
"Julian","Anderson"
"Kevin","Payne"
"Mary","Baker"
"Marcus","Hall"
"Grace","Cunningham"
"Paige","Holmes"
"Chelsea","Gray"
"Andrew","Cameron"
"Antony","Elliott"
"Antony","Ellis"
"Steven","Gibson"
"Annabella","Hall"
"Aida","Cameron"
"Justin","Howard"
"Lucy","Roberts"
"Jasmine","Bailey"
"Alisa","Cameron"
"Ryan","Farrell"
"Paul","Russell"
"Lydia","Ross"
"Sabrina","Gibson"
"Alan","Warren"
"Lucas","Gray"
"Alfred","Ross"
"Sienna","Ellis"
"Isabella","Richardson"
"Heather","Cameron"
"Joyce","Watson"
"John","Miller"
"Brianna","Stevens"
"Lana","Cooper"
"Alexander","Turner"
"Jenna","Anderson"
"Tyler","Fowler"
"Violet","Nelson"
"Rubie","Brown"
"Spike","Grant"
"Owen","Ferguson"
"Eleanor","Fowler"
"Edgar","Phillips"
"Ted","Carter"
"Sam","Harris"
"Tess","Barrett"
"Andrew","Kelley"
"Aston","Russell"
"Tony","Walker"
"Lucy","Tucker"
"Vanessa","Spencer"
"Brianna","Jones"
"Alexia","Montgomery"
"Paige","Clark"
"Aston","Rogers"
"Kelvin","Bailey"
"Martin","Dixon"
"Roland","Phillips"
"Alexander","Baker"
"Emily","Wright"
"Derek","Craig"
"Walter","Brooks"
"Abigail","Jones"
"Amber","Cameron"
"Kelvin","Martin"
"Alan","Murray"
"Amelia","Brown"
"Tyler","Robinson"
"Aida","Parker"
"Alford","Tucker"
"Nicholas","Miller"
"Tyler","Roberts"
"Adrian","Lloyd"
"Darcy","Evans"
"Jack","Hall"
"Violet","Moore"
"Daniel","Davis"
"Amelia","Clark"
"Jenna","Alexander"
"Miller","Crawford"
"Charlie","Edwards"
"Lucy","Hill"
"Annabella","Richardson"
"Cherry","Kelley"
"Miller","Grant"
"Connie","Elliott"
"Preston","Farrell"
"Reid","Morgan"
"Eleanor","Jones"
"Derek","Smith"
"Lucia","Elliott"
"April","Morgan"
"Jessica","Reed"
"Dexter","Morris"
"Eddy","Murray"
"Aida","Higgins"
"Nicholas","Harper"
"Sawyer","Carter"
"George","Hunt"
"Paige","Stewart"
"Dominik","Elliott"
"Clark","Wright"
"Kimberly","Holmes"
"Aldus","Perkins"
"Cadie","Harrison"
"Maximilian","Elliott"
"Amy","Smith"
"Haris","Foster"
"Sabrina","Armstrong"
"Maria","Barrett"
"Audrey","Wright"
"Brad","Martin"
"Ashton","Kelly"
"Kate","Anderson"
"Maya","Cooper"
"Ryan","Cunningham"
"Stuart","Elliott"
"James","Richards"
"Tyler","Chapman"
"Amanda","Mitchell"
"Adelaide","Chapman"
"Rebecca","Brown"
"Olivia","Cooper"
"Kirsten","Douglas"
"Roland","Murphy"
"Dainton","Johnson"
"Emily","Alexander"
"Audrey","Harrison"
"Haris","Cameron"
"Aldus","Alexander"
"Derek","Harris"
"Aida","Davis"
"Abraham","Morrison"
"Harold","Davis"
"Daisy","Evans"
"Charlie","Johnson"
"Miranda","Williams"
"Dexter","Perry"
"Blake","Harrison"
"Carlos","Wright"
"Haris","Martin"
"Evelyn","Higgins"
"Albert","Andrews"
"Brooke","Gray"
"Dexter","Andrews"
"Wilson","Morgan"
"Brianna","Stewart"
"Frederick","Hill"
"Alina","Murphy"
"Daryl","Murray"
"Madaline","Edwards"
"Alisa","Phillips"
"Kevin","Kelley"
"Fiona","Lloyd"
"Myra","Miller"
"Haris","Craig"
"Daniel","Martin"
"Myra","Riley"
"Robert","Crawford"
"Aiden","Spencer"
"Arnold","Armstrong"
"Carlos","Ross"
"Evelyn","Clark"
"Adrian","Henderson"
"Jenna","Myers"
"Cherry","Jones"
"Sofia","Murphy"
"Jessica","Kelly"
"Audrey","Walker"
"Arianna","Wright"
"Adam","Lloyd"
"Alissa","Casey"
"Chelsea","Walker"
"Florrie","Parker"
"Dainton","Payne"
"Heather","Higgins"
"Caroline","Craig"
"Kimberly","Henderson"
"Cherry","Henderson"
"Carina","Watson"
"Alen","Stewart"
"Kate","Roberts"
"Alan","Hamilton"
"Caroline","Johnston"
"Maximilian","Montgomery"
"Miranda","Hunt"
"Tiana","Roberts"
"Penelope","Perkins"
"Steven","Stewart"
"Clark","Smith"
"Michael","Henderson"
"Evelyn","Scott"
"Luke","Alexander"
"Belinda","Robinson"
"Lana","Perkins"
"Brianna","Scott"
"Antony","Robinson"
"Lucy","Hamilton"
"Penelope","Stewart"
"Abraham","Johnson"
"Kate","Robinson"
"Justin","Thompson"
"Sophia","Bennett"
"Harold","Allen"
"Kellan","Harper"
"Eleanor","Williams"
"Ellia","Hill"
"Chester","Evans"
"Tyler","Turner"
"Paige","Payne"
"Savana","Craig"
"David","Holmes"
"Lana","Morrison"
"Kellan","Clark"
"Jenna","Casey"
"Paul","Barrett"
"Patrick","Bennett"
"Adison","Cunningham"
"Clark","Bailey"
"Justin","Turner"
"Alexia","Watson"
"Frederick","Barnes"
"Ellia","Henderson"
"Byron","Murphy"
"Edwin","Smith"
"Lucas","Bailey"
"Camila","Alexander"
"Kimberly","Wright"
"Brianna","Barrett"
"Oscar","Grant"
"Valeria","Elliott"
"Abigail","Ryan"
"Brianna","Ferguson"
"Jared","Harrison"
"Henry","Harrison"
"Brad","Russell"
"Sawyer","Harper"
"Kristian","Morris"
"Madaline","Smith"
"Eric","Taylor"
"Jordan","Roberts"
"Camila","Cole"
"Ryan","Howard"
"Belinda","Cunningham"
"Daryl","Hamilton"
"Ryan","Myers"
"Charlie","Elliott"
"Evelyn","Armstrong"
"Bruce","Murphy"
"Sofia","Ferguson"
"Miranda","Elliott"
"Brianna","Barnes"
"Abraham","Russell"
"Arianna","Foster"
"Ted","Riley"
"Agata","Mason"
"Aston","Bailey"
"Luke","Holmes"
"Tony","Howard"
"Cadie","West"
"Briony","Andrews"
"Lenny","Mitchell"
"Rosie","Thompson"
"Amelia","Cole"
"Sam","Barnes"
"Antony","Edwards"
"Daniel","Richardson"
"Heather","Edwards"
"Dominik","Morgan"
"Mike","Morrison"
"Harold","Payne"
"Freddie","Foster"
"Amanda","Tucker"
"Sarah","Fowler"
"Elise","Grant"
"James","Morris"
"Charlie","Stevens"
"Jenna","Douglas"
"Dale","Hawkins"
"Miranda","Davis"
"Vincent","Dixon"
"Belinda","Lloyd"
"Jacob","Alexander"
"Sam","Myers"
"Abraham","Lloyd"
"Cherry","Morrison"
"Clark","Hamilton"
"Oscar","Foster"
"Stella","Davis"
"Charlie","Holmes"
"Agata","Hall"
"Lyndon","Johnson"
"Madaline","Andrews"
"Aston","Miller"
"Lenny","Ferguson"
"Darcy","Watson"
"Tyler","Morgan"
"Ted","Edwards"
"Natalie","Wilson"
"Daisy","Rogers"
"Paul","Tucker"
"Savana","Walker"
"Spike","Douglas"
"Lucas","Hunt"
"Harold","Myers"
"Steven","Allen"
"Clark","Gibson"
"Lydia","Roberts"
"Charlotte","Richards"
"Mary","Harris"
"Adrianna","Lloyd"
"Edward","Barrett"
"April","Perkins"
"Oscar","Ross"
"Camila","Brooks"
"Honey","Turner"
"Kate","Jones"
"Valeria","Johnson"
"Luke","Stevens"
"Adam","Morgan"
"Maximilian","Rogers"
"Amber","Henderson"
"Miller","Parker"
"Roland","Barnes"
"Daisy","Martin"
"Carina","Andrews"
"Connie","Campbell"
"Michelle","Morgan"
"Adele","Spencer"
"Miranda","Higgins"
"April","Anderson"
"Agata","Gray"
"Garry","Morrison"
"Catherine","Scott"
"Haris","Thompson"
"Marcus","Brown"
"Alexia","Morrison"
"Audrey","Henderson"
"Kate","Rogers"
"Ryan","Johnson"
"Connie","Farrell"
"Jenna","Henderson"
"Maximilian","Robinson"
"Annabella","Thomas"
"Owen","Barnes"
"Stuart","Harrison"
"Tiana","Murphy"
"Elian","Allen"
"Patrick","Edwards"
"Briony","Anderson"
"Elian","Kelly"
"Miranda","Hall"
"Nicole","Barnes"
"Marcus","Harris"
"Olivia","Higgins"
"Jacob","Hunt"
"Aldus","Crawford"
"Rafael","Mitchell"
"Emily","Spencer"
"Kelsey","Russell"
"George","Murray"
"Arnold","Payne"
"Dale","Murphy"
"Lyndon","Bennett"
"Vivian","Anderson"
"Sophia","Taylor"
"Paul","Payne"
"Natalie","Perry"
"William","Lloyd"
"Connie","Smith"
"Carina","Lloyd"
"Eddy","Henderson"
"Jared","Brooks"
"James","Stewart"
"Lily","Thomas"
"Alan","Lloyd"
"Adele","Howard"
"Max","Craig"
"Paige","Elliott"
"Ryan","Murray"
"Ryan","Richards"
"Alissa","Sullivan"
"Oliver","Fowler"
"John","Murphy"
"Agata","Perry"
"Adison","Morris"
"Nicole","Turner"
"Jessica","Spencer"
"Alina","Sullivan"
"Vivian","Evans"
"Joyce","Edwards"
"Rosie","Dixon"
"Stella","Myers"
"Mike","Grant"
"Albert","Montgomery"
"Myra","Campbell"
"Chloe","Thomas"
"Lenny","Tucker"
"Dainton","Adams"
"Amelia","Sullivan"
"Frederick","Bennett"
"Tyler","Ryan"
"Adelaide","Walker"
"Fiona","Johnston"
"Spike","Roberts"
"Myra","Williams"
"Lana","Barrett"
"Henry","Armstrong"
"Brooke","Hamilton"
"Albert","Moore"
"Samantha","Hall"
"Alfred","Evans"
"Melanie","Riley"
"Ellia","Elliott"
"Connie","Perkins"
"Tess","Hill"
"Jessica","Thomas"
"Alford","Nelson"
"Miller","Hawkins"
"Tony","Campbell"
"Natalie","Casey"
"Maya","Rogers"
"Henry","Roberts"
"Luke","Harris"
"Penelope","Sullivan"
"Richard","Andrews"
"Kelsey","Chapman"
"Stuart","Cunningham"
"Abigail","Smith"
"Edgar","Gray"
"Rafael","Andrews"
"Maria","Cunningham"
"Isabella","Jones"
"Lucy","Gray"
"Kellan","Jones"
"Tony","Evans"
"Maya","Owens"
"Brad","Taylor"
"Sawyer","Edwards"
"Reid","Martin"
"Alford","Ferguson"
"Victoria","Roberts"
"Lenny","Anderson"
"Stuart","Anderson"
"Violet","Walker"
"Kristian","West"
"Sawyer","Howard"
"Briony","Dixon"
"Brooke","Andrews"
"Frederick","Edwards"
"Lyndon","Chapman"
"Patrick","Richards"
"Harold","Andrews"
"Alisa","Chapman"
"Edward","Casey"
"Victoria","Ferguson"
"Carlos","Campbell"
"Audrey","Richards"
"Marcus","Stewart"
"Ryan","Rogers"
"Adrianna","Crawford"
"Ned","Ellis"
"Abraham","Brooks"
"Oscar","Mitchell"
"Melanie","Howard"
"Emily","Kelley"
"Lydia","Wright"
"Amanda","Lloyd"
"Melissa","Cooper"
"Adison","Reed"
"Elise","Sullivan"
"Joyce","Barrett"
"Ashton","Moore"
"Reid","Cooper"
"Jasmine","Robinson"
"Kristian","Andrews"
"Daryl","Spencer"
"David","Turner"
"Frederick","Carter"
"Aldus","Henderson"
"Garry","Cole"
"Carl","Morrison"
"Elise","Lloyd"
"Cherry","Roberts"
"Rebecca","Thompson"
"Cadie","Baker"
"Annabella","Scott"
"Penelope","Anderson"
"Nicole","Morgan"
"Maria","Montgomery"
"Jordan","Davis"
"Violet","Williams"
"Dexter","Ryan"
"Lenny","Casey"
"Antony","Johnson"
"Frederick","Bennett"
"Walter","Cunningham"
"Miller","Wright"
"Chelsea","Thompson"
"Adele","Gibson"
"Florrie","Tucker"
"Byron","Payne"
"Annabella","Morris"
"Tiana","Turner"
"Myra","Harrison"
"Kellan","Elliott"
"Chelsea","Kelley"
"John","Barnes"
"Sabrina","Owens"
"Chelsea","Johnson"
"Anna","Andrews"
"Ellia","Douglas"
"Reid","Jones"
"Dominik","Harrison"
"Savana","Barrett"
"Caroline","Kelly"
"Wilson","Owens"
"Jacob","Warren"
"Tony","Ellis"
"Brad","Mason"
"Sawyer","Harris"
"Eric","Foster"
"Tiana","Morris"
"Kimberly","Carroll"
"Carlos","West"
"Eric","Brooks"
"Elian","Perry"
"Alisa","Holmes"
"Mary","Richardson"
"Stella","Fowler"
"Ned","Ross"
"Sofia","Crawford"
"Amanda","Harper"
"Carlos","Cooper"
"Charlotte","Tucker"
"Leonardo","Johnson"
"Amber","Harper"
"Oscar","Brooks"
"Rosie","Higgins"
"Emma","Reed"
"Sydney","Richards"
"Vivian","Myers"
"Briony","Robinson"
"William","Parker"
"Freddie","Robinson"
"Kevin","Robinson"
"Evelyn","Morgan"
"Aiden","Gibson"
"Chester","Sullivan"
"Kelsey","Lloyd"
"Carlos","Edwards"
"Kelvin","Montgomery"
"Kristian","Dixon"
"George","Craig"
"Garry","Spencer"
"Kate","Ryan"
"Amelia","Perry"
"Mary","Elliott"
"Alexander","Hamilton"
"Honey","Richards"
"Carina","Gray"
"Maddie","Ryan"
"Garry","Martin"
"Eric","Scott"
"Adelaide","Ferguson"
"Aston","Robinson"
"Tyler","Douglas"
"Tara","Murphy"
"Paige","Hawkins"
"Lenny","Ellis"
"Frederick","Howard"
"James","Sullivan"
"Victor","Ross"
"Cadie","Russell"
"Brad","Ross"
"David","Adams"
"Eddy","Morrison"
"Audrey","Alexander"
"Ned","Wilson"
"Hailey","Douglas"
"Tess","Harris"
"Honey","Carter"
"Kellan","Harris"
"Alexia","Henderson"
"Nicholas","Farrell"
"Deanna","Perry"
"Dale","Perkins"
"Alfred","West"
"Justin","Edwards"
"Daniel","Casey"
"Marcus","Warren"
"Adrianna","Cunningham"
"Catherine","Ross"
"Tony","Thomas"
"Ada","Lloyd"
"Walter","Campbell"
"Adrian","Murray"
"Emma","Scott"
"Violet","Howard"
"Stella","Scott"
"Paige","Farrell"
"Victoria","Reed"
"Lucia","Allen"
"Annabella","Reed"
"Vincent","Allen"
"Frederick","Williams"
"Victor","Robinson"
"Richard","Taylor"
"Fiona","Armstrong"
"Henry","Craig"
"Darcy","Johnston"
"Audrey","Elliott"
"Jessica","Cunningham"
"Carlos","Myers"
"Julia","Ryan"
"Julia","Ross"
"Aston","Gibson"
"Alexander","Payne"
"Roland","Higgins"
"Oscar","Cooper"
"Caroline","Grant"
"Lucy","Higgins"
"Charlotte","Higgins"
"Leonardo","Cunningham"
"Carina","Ellis"
"Victor","Casey"
"Freddie","Edwards"
"Sydney","Fowler"
"Belinda","Myers"
"Jordan","Reed"
"Vincent","Hawkins"
"Evelyn","Anderson"
"Tess","Douglas"
"Eleanor","Warren"
"Chester","Taylor"
"Preston","Cunningham"
"Edith","Montgomery"
"Rafael","Holmes"
"Abraham","Holmes"
"Rafael","Cunningham"
"Jasmine","Edwards"
"Adam","Mitchell"
"Amber","Alexander"
"Julian","Watson"
"Blake","Perkins"
"Tess","Phillips"
"Lenny","Elliott"
"Tony","Farrell"
"Andrew","Tucker"
"Stuart","Brooks"
"Aida","Jones"
"Carl","Bailey"
"Vincent","Williams"
"Madaline","Carter"
"Alexia","West"
"Camila","Cunningham"
"Kimberly","Brooks"
"Nicole","Thomas"
"Spike","Craig"
"Deanna","Davis"
"Amy","Campbell"
"Charlie","Moore"
"Naomi","Gray"
"Darcy","Parker"
"Miller","Thompson"
"Marcus","Hill"
"Edward","Wells"
"Rosie","Harrison"
"Blake","Chapman"
"Oscar","Mason"
"Edward","Jones"
"Alexander","Carroll"
"Arnold","Howard"
"Derek","Johnson"
"Brooke","Hill"
"Evelyn","Stevens"
"Abigail","Watson"
"Jack","Henderson"
"Derek","Brown"
"Maddie","Wilson"
"Alberta","Carroll"
"Chester","Owens"
"Jack","Allen"
"Valeria","Sullivan"
"Kimberly","Stewart"
"Robert","Nelson"
"Oscar","Cameron"
"Jenna","Adams"
"Amelia","Ryan"
"Fenton","Harris"
"William","Evans"
"Kellan","Johnston"
"Edward","Mitchell"
"Arthur","Wells"
"Justin","Holmes"
"Harold","Robinson"
"Oscar","Hill"
"Melissa","Reed"
"Rosie","Cameron"
"Arianna","Carroll"
"Roman","Myers"
"Lenny","Craig"
"Kirsten","Farrell"
"Jasmine","Hunt"
"Abraham","Owens"
"Dale","Richardson"
"Sophia","Dixon"
"Rubie","Murray"
"Lydia","Myers"
"Owen","Alexander"
"Richard","Chapman"
"Hailey","Smith"
"Rebecca","Hawkins"
"Wilson","Montgomery"
"Sophia","Ross"
"Victoria","Chapman"
"Audrey","Douglas"
"Ryan","Higgins"
"Reid","Mitchell"
"Maximilian","Perkins"
"Richard","Howard"
"Lana","Casey"
"Connie","Owens"
"Annabella","Gibson"
"Fenton","Elliott"
"Oscar","Higgins"
"Thomas","Warren"
"David","Stevens"
"Adrianna","Spencer"
"Lydia","Gibson"
"Tiana","Harrison"
"Elian","Rogers"
